"0","movie_df <- read_csv(""5.1 Movie Dataset.csv"")"
"1","[1mRows: [22m[34m508[39m [1mColumns: [22m[34m13[39m
"
"1","[36m──[39m [1mColumn specification[22m [36m─────────────────────────────────────────────────────────────────────────────────[39m
[1mDelimiter:[22m "",""
[31mchr[39m  (12): Movie Title, Wikipedia URL, Genre, Director (1), Director (2), Cast (1), Cast (2), Cast (3...
[34mdate[39m  (1): Release Date
"
"1","
[36mℹ[39m Use `spec()` to retrieve the full column specification for this data.
[36mℹ[39m Specify the column types or set `show_col_types = FALSE` to quiet this message.
"
