"0","install.packages(""tidyverse"")"
"1","Error in "
"1",""
"1","install.packages"
"1",""
"1"," : "
"1",""
"1","Updating loaded packages"
"1",""
"1","
"
"0","install.packages(""skimr"")"
"2","Installing package into ‘/cloud/lib/x86_64-pc-linux-gnu-library/4.3’
(as ‘lib’ is unspecified)
"
"2","also installing the dependency ‘repr’

"
"2","trying URL 'http://rspm/default/__linux__/focal/latest/src/contrib/repr_1.1.7.tar.gz'
"
"2","Content type 'application/x-gzip'"
"2"," length 124050 bytes (121 KB)
"
"2","="
"2","="
"2","="
"2","="
"2","="
"2","="
"2","="
"2","="
"2","="
"2","="
"2","="
"2","="
"2","="
"2","="
"2","="
"2","="
"2","="
"2","="
"2","="
"2","="
"2","="
"2","="
"2","="
"2","="
"2","="
"2","="
"2","="
"2","="
"2","="
"2","="
"2","="
"2","="
"2","="
"2","="
"2","="
"2","="
"2","="
"2","="
"2","="
"2","="
"2","="
"2","="
"2","="
"2","="
"2","="
"2","="
"2","="
"2","="
"2","="
"2","="
"2","
"
"2","downloaded 121 KB

"
"2","trying URL 'http://rspm/default/__linux__/focal/latest/src/contrib/skimr_2.1.5.tar.gz'
"
"2","Content type 'application/x-gzip'"
"2"," length 1227073 bytes (1.2 MB)
"
"2","="
"2","="
"2","="
"2","="
"2","="
"2","="
"2","="
"2","="
"2","="
"2","="
"2","="
"2","="
"2","="
"2","="
"2","="
"2","="
"2","="
"2","="
"2","="
"2","="
"2","="
"2","="
"2","="
"2","="
"2","="
"2","="
"2","="
"2","="
"2","="
"2","="
"2","="
"2","="
"2","="
"2","="
"2","="
"2","="
"2","="
"2","="
"2","="
"2","="
"2","="
"2","="
"2","="
"2","="
"2","="
"2","="
"2","="
"2","="
"2","="
"2","="
"2","
"
"2","downloaded 1.2 MB

"
"2","* installing *binary* package ‘repr’ ...
"
"2","* DONE (repr)
"
"2","* installing *binary* package ‘skimr’ ...
"
"2","* DONE (skimr)
"
"2","
"
"2",""
"2","The downloaded source packages are in
	‘/tmp/Rtmp1seL3D/downloaded_packages’"
"2",""
"2","
"
"0","install.packages(""tidyverse"")"
"2","Installing package into ‘/cloud/lib/x86_64-pc-linux-gnu-library/4.3’
(as ‘lib’ is unspecified)
"
"2","trying URL 'http://rspm/default/__linux__/focal/latest/src/contrib/tidyverse_2.0.0.tar.gz'
"
"2","Content type 'application/x-gzip'"
"2"," length 425176 bytes (415 KB)
"
"2","="
"2","="
"2","="
"2","="
"2","="
"2","="
"2","="
"2","="
"2","="
"2","="
"2","="
"2","="
"2","="
"2","="
"2","="
"2","="
"2","="
"2","="
"2","="
"2","="
"2","="
"2","="
"2","="
"2","="
"2","="
"2","="
"2","="
"2","="
"2","="
"2","="
"2","="
"2","="
"2","="
"2","="
"2","="
"2","="
"2","="
"2","="
"2","="
"2","="
"2","="
"2","="
"2","="
"2","="
"2","="
"2","="
"2","="
"2","="
"2","="
"2","="
"2","
"
"2","downloaded 415 KB

"
"2","* installing *binary* package ‘tidyverse’ ...
"
"2","* DONE (tidyverse)
"
"2","
"
"2",""
"2","The downloaded source packages are in
	‘/tmp/Rtmp1seL3D/downloaded_packages’"
"2",""
"2","
"
"0","install.packages(""janitor"")"
"2","Installing package into ‘/cloud/lib/x86_64-pc-linux-gnu-library/4.3’
(as ‘lib’ is unspecified)
"
"2","also installing the dependency ‘snakecase’

"
"2","trying URL 'http://rspm/default/__linux__/focal/latest/src/contrib/snakecase_0.11.1.tar.gz'
"
"2","Content type 'application/x-gzip'"
"2"," length 159831 bytes (156 KB)
"
"2","="
"2","="
"2","="
"2","="
"2","="
"2","="
"2","="
"2","="
"2","="
"2","="
"2","="
"2","="
"2","="
"2","="
"2","="
"2","="
"2","="
"2","="
"2","="
"2","="
"2","="
"2","="
"2","="
"2","="
"2","="
"2","="
"2","="
"2","="
"2","="
"2","="
"2","="
"2","="
"2","="
"2","="
"2","="
"2","="
"2","="
"2","="
"2","="
"2","="
"2","="
"2","="
"2","="
"2","="
"2","="
"2","="
"2","="
"2","="
"2","="
"2","="
"2","
"
"2","downloaded 156 KB

"
"2","trying URL 'http://rspm/default/__linux__/focal/latest/src/contrib/janitor_2.2.1.tar.gz'
"
"2","Content type 'application/x-gzip'"
"2"," length 282795 bytes (276 KB)
"
"2","="
"2","="
"2","="
"2","="
"2","="
"2","="
"2","="
"2","="
"2","="
"2","="
"2","="
"2","="
"2","="
"2","="
"2","="
"2","="
"2","="
"2","="
"2","="
"2","="
"2","="
"2","="
"2","="
"2","="
"2","="
"2","="
"2","="
"2","="
"2","="
"2","="
"2","="
"2","="
"2","="
"2","="
"2","="
"2","="
"2","="
"2","="
"2","="
"2","="
"2","="
"2","="
"2","="
"2","="
"2","="
"2","="
"2","="
"2","="
"2","="
"2","="
"2","
"
"2","downloaded 276 KB

"
"2","* installing *binary* package ‘snakecase’ ...
"
"2","* DONE (snakecase)
"
"2","* installing *binary* package ‘janitor’ ...
"
"2","* DONE (janitor)
"
"2","
"
"2",""
"2","The downloaded source packages are in
	‘/tmp/Rtmp1seL3D/downloaded_packages’"
"2",""
"2","
"
